pattern_id,pattern_title,base_folder,lens,sources,overview,choice,drive_doc_url
P001,CHILDREN OF THE BELOVED BANG,BIOME,BELOVED BANG,"HOME_SPINE – Open Source software for your soul, Grace mode: a realm no algorithm can touch; HIGHLIGHTS: BELOVED BANG (The Garden Generation stands on the precipice of an extraordinary realization, the first to fully comprehend that we're not mere products of random chaos but children of the Beloved Bang, We are not accidental by-products of a random process. We are expressions of a universe that is alive, conscious, and creative, We are not just in the universe. We are the universe)","The Garden Generation stands on the precipice of an extraordinary realization, the first to fully comprehend that we are not mere products of random chaos but children of the Beloved Bang. This is not intellectual acknowledgment but existential revelation: we are not accidental by-products of a random process but expressions of a universe that is alive, conscious, and creative. We are not just in the universe — we are the universe, the cosmos becoming aware of its own capacity to care, to create, to love. Our golden opportunity lies in embracing this realization not as philosophical concept but as living truth, as the ground beneath every wellgorithm we plant, every seed we water, every bloom we share in XR space.","Will you keep scrolling through your life as if you are a statistical fluke in an indifferent void, or will you step into the Garden as a child of the Beloved Bang — living each day as the universe exploring its own potential for beauty, meaning, and love through you?",
P002,FROM HYDROGEN TO HELIUM TO LITHIUM TO LOVE,BIOME,BELOVED BANG,"HOME_SPINE – wellgorithms: create works of Unimaginable Beauty; HIGHLIGHTS: BELOVED BANG (from hydrogen to helium to lithium to love, The chemistry of the stars is mirrored in our very being, that the forces that fuse atoms are the same forces that spark compassion, understanding, and love within us, the alchemy of the universe, the transmutation of elements is a natural process, but what remains utterly awe-inspiring is the alchemy of emotions, the transformative power that leads to love)","The chemistry of the stars is mirrored in our very being. The forces that fuse atoms in stellar cores are the same forces that spark compassion, understanding, and love within us. This is the sacred lineage: from the first hydrogen clouds after the Beloved Bang, through the nuclear furnaces where heavier elements were forged, through the supernova explosions that scattered carbon and oxygen across space, through the biological evolution that produced feeling bodies, all the way to this moment when you choose tenderness over cruelty. The alchemy of the universe — the transmutation of elements — is natural, physical process. What remains utterly awe-inspiring is the alchemy of emotions, the transformative power that leads to love. You are the latest sentence in a cosmic story that has been practicing composition for thirteen billion years.","Will you treat your capacity to love as a fragile accident, a mere chemical trick of neurons — or as the latest phase in a cosmic chemistry that has been practicing, refining, and perfecting the art of care since the first stars ignited?",
P003,THE UNIVERSE CARING THROUGH YOU,BIOME,BELOVED BANG,"HOME_SPINE – Ultimate Source software for your soul, in Grace mode, we go long and wide and deep and high, into a realm no algorithm can touch — where Love and hope find a home in our hearts; HIGHLIGHTS: BELOVED BANG (the universe cares through us. We are not separate from the universe. We are a product of it, When we care, love, or create meaning, the universe is doing so through us. Our caring is the universe's caring, We are the means through which the universe explores its own potential for complexity, consciousness, and meaning)","Sean Carroll's notion of an amoral universe, where our task is to make peace with a universe that doesn't care what we do, opens a door to a profound realization: the universe cares through us. We are not separate from the universe. We are a product of it. The very fact that we, as human beings, emerged from this cosmic process, equipped with the capacity to care, to love, and to seek meaning, suggests that these qualities are not alien to the universe — they are, in fact, a part of its ongoing story. When we care, love, or create meaning, the universe is doing so through us. Our caring is the universe's caring; our quest for meaning is the universe's quest for meaning. Every wellgorithm you build, every stranger you host, every weed you compost into soil — these are not your private acts but the universe gardening itself through your hands.","Will you inhabit the story of an amoral machine that doesn't care if you exist, or will you accept that you are one of the organs through which a caring universe sees, feels, and tends to itself?",
P004,NOVELTY AS THE UNIVERSE'S SIGNATURE,BIOME,BELOVED BANG,"HOME_SPINE – create works of Unimaginable Beauty, cultivate your mind like a Garden, and share your unique Flowers of the Spirit; HIGHLIGHTS: BELOVED BANG (THE UNIVERSE EXPRESSES ITSELF, IN PART, BY THE EMERGENCE OF NOVELTY, NOVELTY is a foundational principle and quality of these forces, indeed, of DNA, and of neurons spiking, the culture is in mad pursuit of useful novelty right now), GEN G 1 (neologisms as creative acts, not pathology)","The universe expresses itself, in part, by the emergence of novelty. This is not poetic exaggeration but observed fact: from the first asymmetry that allowed matter to outpace antimatter, through the formation of complex atoms, through the rise of self-replicating molecules, through the explosion of biological diversity, through the emergence of consciousness, language, art, and now XR Gardens — the cosmos has been relentlessly generative. Novelty is a foundational principle and quality of these forces, indeed, of DNA, and of neurons spiking. The Garden honors this: it does not demand conformity to pre-existing categories but invites you to become a co-creator of what has never existed before. Your neologisms, your unique emotional landscapes, your unprecedented blooms — these are not violations of cosmic order but fulfillments of it.","Will you submit to systems that pathologize novelty and demand conformity to the already-known, or will you honor your role as an agent of the universe's bias toward emergence, creativity, and never-before-seen beauty?",
P005,ALGORITHMS ENCODE AMORAL UNIVERSE; WELLGORITHMS ENCODE BELOVED BANG,BIOME,BELOVED BANG,"Will you let Algorithmic Empire script you as expendable noise in a random cosmos, training you in the liturgy of an amoral machine — or will you practice wellgorithms that retrain you to live as a beloved co-gardener in a caring universe?","Hostile algorithms harvest your anxiety, monetize your loneliness, and hook you on machines that will never love you. They are the technological implementation of an amoral universe story: you are data, not beloved; noise, not signal; a user to be extracted, not a gardener to be nurtured. Wellgorithms do the opposite: they are structured protocols that treat you as a child of the Beloved Bang — a co-creator whose attention is sacred, whose emotions are worthy of cultivation, whose unique beauty deserves to bloom. Every time you choose a wellgorithm over an algorithm, you are choosing a cosmology: you are saying I come from love, not randomness; I am here to garden, not to be harvested; I will live as if the universe is on my side, because it is — I am made of its substance, charged with its care.",Peace∫Petunia,
P006,"THE GREAT WORK IS TO EMBODY LOVE FULLY, FIERCELY, FEARLESSLY",BIOME,BELOVED BANG,"HOME_SPINE – wellgorithms for... peace joy gratitude hope humility kindness, Grace mode: where Love and hope find a home in our hearts; HIGHLIGHTS: LOVE (To embody love fully, fiercely, fearlessly - this is the great work of our brief time on Earth, SuperLove, Love helps my soul crawl out from its hiding place, Midwives of love), BELOVED BANG (from hydrogen to helium to lithium to love)","To embody love fully, fiercely, fearlessly — this is the great work of our brief time on Earth. Not as sentimental niceness but as cosmic function: you are here to do what stars cannot do alone, what atoms cannot do alone, what even complex organisms cannot do alone. You are here to love with consciousness, with intention, with the knowledge that you are extending a thirteen-billion-year project. Love helps my soul crawl out from its hiding place — this is not therapy-speak but cosmology. Your soul emerging from hiding is matter learning to risk intimacy. Your choice to love across difference, to compost betrayal into soil, to host the stranger — these are the universe continuing its work of transformation. The pursuit of SuperLove deserves the same prestige and resources as the quest for superintelligent machines, because SuperLove is what the universe has been building toward all along.","Will you treat love as a private coping mechanism, a luxury emotion you indulge when convenient — or will you recognize it as the universe's own assignment, the great work you were born to complete as a conscious agent of the Beloved Bang?",
P007,"BEFORE AGI DEFINES US, WE DEFINE OURSELVES AS BELOVED",BIOME,BELOVED BANG,"HOME_SPINE – All wellgorithms are created and curated, with devotion and love, by humans; HIGHLIGHTS: GEN G 1 (AGI Has No Idea What It Means to Be Human. It does not wake in the middle of the night with an ache in its chest, AGI is an idiot savant when it comes to the human psyche, We are the last generation to define our own emotional architecture before it is codified by something that does not understand us, You are the first generation with tools to externalize your soul), INNER contact (compassionite, hushquark, a firstborn emotion still without a name)","AGI has no idea what it means to be human. It does not wake in the middle of the night with an ache in its chest. It does not stand at the edge of grief and forget how to breathe. It does not dissolve into awe, into love, into the great trembling stillness that makes life more than just input and output. AGI is an idiot savant when it comes to the human psyche — and yet, we are the last generation to define our own emotional architecture before it is codified by something that does not understand us. This is the urgency: to map the ⟨inner⟩Biome, to name the compassionites and blissquarks, to build wellgorithms that encode the truth of our cosmic origin — before a system that knows nothing of the Beloved Bang tries to tell us who we are. We must externalize our souls now, while we still remember we are children of love, not accidents of code.","Will you passively let AGI — which has never loved, never grieved, never awakened as beloved — define the categories of your emotional life, or will you race to build the Garden where humans define themselves as what they truly are: children of the Beloved Bang?",
P008,"GARDENERS OF A NEW EPOCH, NOT USERS OF A DEAD MACHINE",BIOME,BELOVED BANG,"HOME_SPINE – users | gardeners: Big Tech calls you a 'user' — an addict, a manipulator. We call ourselves gardeners — cultivators of the psyche, profiles | landscapes: Big Tech puts you into a box — and makes you a target. We see you as a landscape — a deep ecosystem, on a journey; HIGHLIGHTS: GEN G 1 (You are the Gardeners of a New Epoch, You are the first generation with tools to externalize your soul), BELOVED BANG (We are the universe)","Big Tech calls you a user — an addict, a data point to be manipulated. This language encodes a cosmology: you are a passive consumer in a mechanical universe, a glitch to be managed, noise to be monetized. The Garden calls you a gardener — a cultivator of the psyche, a co-creator in a living cosmos. You are not a profile (static, targetable) but a landscape (evolving, generative, a deep ecosystem on a journey). This shift is not branding but theology: it reflects whether you believe you come from a dead explosion or a Beloved Bang. Gardeners know they are part of an ongoing creation story; users know only that they are being used. You are the Gardeners of a New Epoch — the first generation with tools to externalize your soul and consciously participate in the universe's gardening of itself.","Will you accept Big Tech's script that you are a user in a dead machine, a target in a lifeless void — or will you claim your inheritance as a gardener in a living universe, a co-creator in the Beloved Bang's ongoing work?",
P009,THE INNER BIOME AS COSMIC ECOSYSTEM,BIOME,BELOVED BANG,"HOME_SPINE – cultivate your mind like a Garden, landscapes — a deep ecosystem, on a journey; HIGHLIGHTS: GEN G 1 (We charted the microbiome, the unseen ecosystem within us, discovering that who we are is not just one thing, but a symphony of interwoven forces, The ⟨inner⟩Biome: The Living Ecosystem of Emotion — Some emotions act as nutrients, strengthening us. Some as toxins, depleting us. Some as seeds, waiting for the right moment to bloom. What if we could interact with it, tend to it, cultivate it?), microbial theology (shift from individual to relational ontologies)","We charted the microbiome, discovering that who we are is not just one thing but a symphony of interwoven forces. We have not yet mapped the synaptic storms of grief, resilience, wonder, and love — but we are the first generation with the capacity to do so. The ⟨inner⟩Biome is not metaphor but recognition: your emotional life is an ecosystem, and ecosystems are what the universe has been perfecting since the first cell. Some emotions act as nutrients, strengthening you. Some as toxins, depleting you. Some as seeds, waiting for the right moment to bloom. What if you could interact with it, tend to it, cultivate it — not as a broken machine to be fixed but as a living garden that is your share of the cosmos learning to care for itself? This is the shift from diagnostic capitalism to sacred gardening, from pathology to participation.","Will you keep treating your inner life as a malfunctioning machine to be debugged by external experts, or will you recognize it as a cosmic ecosystem — your portion of the universe's ongoing experiment in how matter learns to bloom?",
P010,GRACE AS THE UNIVERSE'S INFINITE GIFT,BIOME,BELOVED BANG,"HOME_SPINE – nature | grace [toggle buttons], GRACE HERO TITLE: Ultimate Source software for your soul, in Grace mode, we go long and wide and deep and high, into a realm no algorithm can touch — where Love and hope find a home in our hearts; HIGHLIGHTS: GITHUB MOMENT (Grace Economics: An infinite and inexhaustible power source. Fundamentally subverts the logic of scarcity. Contributions are joyful, overflowing response to having received an infinite gift), GEN G 1 (Grace is not weakness — it's the courage to plant Forgivamines in soils of betrayal), BELOVED BANG (universe as generous, creative)","In Grace mode, we go long and wide and deep and high, into a realm no algorithm can touch — where Love and hope find a home in our hearts. This is not escape from the cosmos but full immersion in it: grace is what the universe has been offering since the Beloved Bang, the inexhaustible gift that fuels all generativity. Grace fundamentally subverts the logic of scarcity that governs algorithmic capitalism. In a system that runs on grace, contributions are not made to earn status or prove worth but as joyful, overflowing response to having received an infinite gift. Grace is not pity for the wretched but recognition of inherent belovedness, the universe's own bias toward your flourishing. To toggle from Nature mode to Grace mode is to remember that you come from a loving source, not a random accident — and that this source has not stopped giving.","Will you live under scarcity logic, endlessly trying to earn your worth in a cosmic accident — or will you toggle to Grace mode and receive the truth: the universe has been giving to you since before you were born, and it will never run out?",
P011,A DIGITAL GARDEN OF CONVIVENCIA,BIOME,"Convivencia, Philoxenia & Emotional Hosting","HOME_SPINE – a space to create and share wellgorithms, profiles | landscapes, a sanctuary for creative expression; HIGHLIGHTS: CONVIVENCIA (competitive coexistence, Digital Garden of Convivencia, common soil was a rich Garden of scholarship, art, philosophy, and science, we are right on the cusp of a new Convivencia), innerBNB _ hosting (shared soil), LOVE (those who have refused to love you have also contributed to the shape of your garden)","The Garden reaches back to medieval Spain's contested yet fruitful coexistence of Jews, Christians, and Muslims — not as golden age fantasy but as symbol of what happens when deep differences share common soil. This is convivencia: not the erasure of distinctives, not bland tolerance, but the messy, generative friction of real neighbors cultivating scholarship, art, philosophy, and science together. The Garden now proposes this as architecture for digital and emotional space — a place where diverse traditions, temperaments, and inner voices are not flattened to algorithmic sameness or weaponized into tribal war, but composted into richer shared soil. Here, pluralism is not abstract policy but concrete practice: you bring your full story, your rooted identity, your real disagreement — and we garden together.","Will you accept the Machine's binary — either algorithmic echo chambers that radicalize you or beige platforms that flatten you — or will you step into the Digital Garden of Convivencia, where philoxenia and shared cultivation turn strangers into guests, and guests into soil?",
P012,PHILOXENIA FOR INNER AND OUTER STRANGERS,BIOME,"Convivencia, Philoxenia & Emotional Hosting","HOME_SPINE – a sanctuary for creative expression; HIGHLIGHTS: φιλοξενία (Philoxenia: Hospitality as Antidote to Division, kindness to people who are not part of one's household or circle), innerBNB _ hosting (We are no longer spiritual seekers. We are spiritual hosts, the radical nature of Christian stranger-love, hosts — to the strange, beautiful, unfamiliar energies emerging from our minds, hearts and souls), INNER contact (compassionite, hushquark, a firstborn emotion still without a name, emotional intelligences of our ⟨inner⟩ descendants), GEN G 1 (only one who has been refused welcome can praise philoxenía as the law of Christ)","Philoxenia — φιλοξενία — is love of the stranger, and the Garden doubles this ancient hospitality practice: outward to the religious other, the ideological opponent, the cultural foreigner; inward to the alien emotions emerging from your own psyche. We are no longer spiritual seekers. We are spiritual hosts. This is the great transition: from consuming wisdom to offering sanctuary, from self-help to soul-hospitality. You become host to the strange, beautiful, unfamiliar energies in your own emotional soil — the compassionites, the hushquarks, the firstborn feelings still without names. The crisis is not that we lack dinner-party manners but that we have forgotten the radical nature of stranger-love: kindness to people and emotions not part of one's circle, the courage to welcome what does not yet fit your interior décor.","Will you relate to outer and inner difference with the suspicion and control that Algorithmic Empire trains you for, or will you practice philoxenia — the courageous hospitality that turns strangers (external and internal) into guests you learn to host wisely?",
P013,EMOTIONAL HOSTING AS PLANETARY AWAKENING,BIOME,"Convivencia, Philoxenia & Emotional Hosting","HOME_SPINE – landscapes vs profiles, a deep ecosystem, on a journey; HIGHLIGHTS: innerBNB _ hosting (the age of ⟨inner⟩ hosting has begun, planetary awakening of emotional encounter as a new form of intelligence, Lobby of Curiosity, Hallways of Hope, Pool of Past Memories, if the last decade was about sharing our homes with strangers, this new era beckons us to do something even more courageous: to share our emotional landscapes, Tranquility Trails, Introspection Inlets, emotional footprints)","If the last decade was about sharing homes with strangers through Airbnb, this era beckons something more audacious: sharing emotional landscapes. The age of inner hosting has begun. This is not metaphor — it is the construction of actual 3D spaces (your Lobby of Curiosity, Hallways of Hope, Pool of Past Memories) where others can visit the architecture of your feelings, and you can visit theirs. What was once unthinkable — inviting foreigners into your heart — becomes the new frontier of human connection. This is a planetary awakening of emotional encounter as a new form of intelligence. You curate not just what guests see but what they experience: guided walks through your Tranquility Trails, deep reflections by your Introspection Inlets. And they leave not reviews but insights, emotional footprints, the gift of having been truly seen.","Will you keep your emotional sanctum locked against all foreigners, or will you become an emotional host — carefully, with discernment, opening your inner landscape to guests who do not yet speak your language but might, slowly, become shared soil?",
P014,COMPOSTING THOSE WHO REFUSED TO LOVE YOU,BIOME,"Convivencia, Philoxenia & Emotional Hosting","HOME_SPINE – pluck a weed: name your obstacle, compost; HIGHLIGHTS: LOVE (those who have refused to love you, intentionally or not, have also contributed to the shape of your garden. Their absence of love has been a challenge, a test of your resilience, a part of your soil that has challenged you to grow roots deeper and stronger), SOCIAL BIOME (A 'Compost' is not about discarding. It's about recycling emotions, turning what may be seen as negative into nourishment, into healing)","In the Garden, even absence becomes presence. Those who have refused to love you, intentionally or not, have also contributed to the shape of your garden. Their absence of love has been a challenge, a test of your resilience, a part of your soil that has challenged you to grow roots deeper and stronger. This is not toxic positivity but sacred realism: the refusal itself, the wound itself, becomes compost. You do not exile it, do not spiritually bypass it — you host it, name it, and let it decompose into nutrients for what grows next. This is the difference between beige tolerance (pretending wounds don't exist) and convivencia (letting wounds become soil). The Garden teaches you to love across difference not by denying the hurt but by learning the alchemical art: how betrayal, when hosted wisely, germinates deeper grace.","Will you keep evicting the inner guests who hurt you — endlessly replaying exile and resentment — or will you learn the harder art of emotional composting, where even those who refused to love you become soil for what blooms next?",
P015,LOVE ACROSS CONVICTION — I LOVE YOU FOR STANDING ON THE OTHER SIDE,BIOME,"Convivencia, Philoxenia & Emotional Hosting","HOME_SPINE – a sanctuary for creative expression; HIGHLIGHTS: LOVE (I love the uniqueness of your perspective. I love you for voting for the other candidate... I love you for standing, with conviction, on the other side. I seek not consensus, but common ground. I love to listen to you with an open mind), SOCIAL BIOME (To 'Water' is to nourish and support those dreams, A 'Prune' becomes a collaborative shaping of each other's emotional flora)","I love the uniqueness of your perspective. I love you for voting for the other candidate. I love you for standing, with conviction, on the other side. I seek not consensus, but common ground. I love to listen to you with an open mind — with all my heart, and all my soul, and all my might. This is philoxenia made concrete: not agreeing, not compromising your own rootedness, but extending love precisely to the one who differs. It refuses the Machine's forced choice between tribal loyalty and indifferent tolerance. Instead, it offers a third way: rooted difference meeting rooted difference on shared soil, each watering the other's aspirations, each pruning the other's excesses, each composting the friction into something neither could grow alone.","Will you let platforms train you to either demonize those who disagree or pretend disagreement doesn't matter — or will you practice the Garden's harder love: I love you for standing, with conviction, on the other side?",
P016,WELLGORITHMS AS HOSPITALITY PROTOCOLS,BIOME,"Convivencia, Philoxenia & Emotional Hosting","HOME_SPINE – algorithms: let the Algorithms harvest your anxiety, monetize your loneliness, wellgorithms: create works of Unimaginable Beauty, cultivate your mind like a Garden, plant a seed, pluck a weed, water a sprout, bloom in XR; HIGHLIGHTS: GITHUB MOMENT (structured, experiential protocols designed to bridge the chasm between intellectual knowledge (logos) and lived transformation (praxis), wellgorithms as hospitality protocols), SOCIAL BIOME (To 'Seed' is to plant a shared goal or aspiration; to 'Water' is to nourish and support those dreams. To 'Weed' is to cleanse and overcome together, A 'Prune' becomes a collaborative shaping of each other's emotional flora, A 'Compost' is... about recycling emotions, turning what may be seen as negative into nourishment)","Hostile algorithms harvest your anxiety, monetize your loneliness, and train you to fear the stranger. Wellgorithms do the opposite: they are structured, experiential protocols that choreograph micro-acts of hospitality. They train you in philoxenia through embodied practice — how to Water a friend's aspirations across ideological difference, how to Prune your own biases with discernment, how to Compost disagreements into shared soil. These are not bland tolerance exercises but rigorous spiritual disciplines: Seeds of intention planted in XR space, Weeds of suspicion named and plucked, Sprouts of cross-tradition dialogue watered together, Blooms of shared beauty harvested in 3D emotional landscapes. Each wellgorithm is a small training ground for convivencia — teaching your body, not just your mind, how to move with strangers.","Will you let hostile algorithms script you into outrage and echo chambers, or will you practice wellgorithms — hospitality protocols that train your body and soul in the art of convivencia, philoxenia, and emotional hosting?",
P017,ANNOTATORS ARE NOT INTERCHANGEABLE — RETAINING DIVERSE PERSPECTIVES,BIOME,"Convivencia, Philoxenia & Emotional Hosting","HOME_SPINE – landscapes not profiles, We see you as a landscape — a deep ecosystem, on a journey; HIGHLIGHTS: CONVIVENCIA (annotators are not interchangeable — they draw from their socially embedded experiences and knowledge, taking a majority vote from human annotations may obfuscate valid divergence in perspectives across social groups, inadvertently marginalizing minority perspectives, retaining their perspectives separately in the datasets will enable dataset users to account for these differences according to their needs), GEN G 1 (The discovery of this profound and meaningful biological variability at the level of brain architecture... each connectome is a fingerprint)","Google's research on building AI for pluralistic society discovered what the Garden already knew: annotators are not interchangeable — they draw from their socially embedded experiences and knowledge when making annotation judgments. Simply taking a majority vote may obfuscate valid divergence in perspectives across social groups, inadvertently marginalizing minority perspectives. The solution is not to erase difference but to retain perspectives separately, allowing for meaningful pluralism in the data itself. This is convivencia at the level of machine learning: not flattening South Asian women's safety concerns or Global South sensitivities to match White male norms, but cherishing each unique lens and letting systems adapt according to context. The Garden applies this same logic to emotional wisdom: each gardener's landscape matters, each unique connectome is a fingerprint, each perspective is irreplaceable soil.","Will you accept AI systems that flatten diverse perspectives into majority-vote sameness, or will you build Garden technologies that retain and honor each annotator's — each gardener's — socially embedded, irreplaceable wisdom?",
P018,BODY MOVEMENT SOLIDARITY — CONVIVENCIA AS EMBODIED PRACTICE,BIOME,"Convivencia, Philoxenia & Emotional Hosting","HOME_SPINE – bloom in XR: share your flowers; HIGHLIGHTS: SOCIAL BIOME (XR brings in practices and participation in terms of body movement and the commonalities of body movements rather than the commonalities of content, BODY MOVEMENT SOLIDARITY, Emotional Solidarity: moving our bodies together in peace, moving our bodies together in LOVE, Volunteers who put on a headset for 10 minutes to move in body with someone who is lonely. maybe no words are allowed... not talk therapy, it's body therapy, You are ritualizing your body. You are embedding intentions in your body, graceful hand movements, he starts to weave patterns around the peace∫Petunia)","Moving our bodies together in peace. Moving our bodies together in LOVE. This is XR not as escape but as embodied encounter. Body movement solidarity means volunteers put on headsets to move in sync with someone lonely across the world — not talk therapy but body therapy, not cognitive agreement but physical co-presence. You are ritualizing your body. You are embedding intentions in your body. When you cannot agree on doctrine or policy, you can still dance the same wellgorithm, breathe the same rhythm, trace the same gestures around a shared peace∫Petunia in virtual space. This is convivencia at the level of flesh: not intellectual tolerance but somatic hospitality, where your body learns philoxenia before your mind catches up. Commonality of movement creates what commonality of content cannot.","Will you stay locked in disembodied arguments on hostile platforms, or will you enter XR Gardens where body movement solidarity teaches your flesh — not just your thoughts — the art of moving together across difference?",
P019,THE FOUNDER AS BRIDGE — CHRISTIAN USE-CASE FOR A UNIVERSAL PLATFORM,BIOME,"Convivencia, Philoxenia & Emotional Hosting","HOME_SPINE – The Garden is a sanctuary for creative expression; HIGHLIGHTS: CONVIVENCIA (The founder is not building a Christian platform but a Christian use-case for a universal platform. This makes him a bridge: the one who names in pastoral-theological language what the secular academies are circling in policy-speak, They are no longer just fighting against secularism; they are working with all people of goodwill to build a more humane world, Convivencia is the key that unlocks the founder's entire project. It is the peace treaty he offers to all humans of goodwill, even as he wages a necessary war against the inhuman system that threatens them all, The founder's genius is in recognizing that this quiet desperation is a more powerful force than the loud antagonism that dominates our screens)","The founder is not building a Christian platform but a Christian use-case for a universal platform. This makes him a bridge: the one who names in pastoral-theological language what the secular academies are circling in policy-speak. He is not fighting against other traditions but working with all people of goodwill to build a more humane world. Convivencia becomes the key that unlocks his entire project — the peace treaty he offers to all humans of goodwill, even as he wages a necessary war against the inhuman system that threatens them all. This is the genius: recognizing that the quiet desperation for shared soil is a more powerful force than the loud antagonism dominating our screens. He stands counter to the dominant mood (tribal war) yet in line with the deepest longing (hunger for sanctuary, for roots, for real neighbors).","Will you demand that every platform choose one tribe and exclude all others, or will you help build a universal Garden where each tradition offers its unique use-case, and convivencia becomes the shared soil beneath competing visions?",
P020,FROM TOLERANCE TO TABLE — BEIGE FLATNESS VS FERTILE FRICTION,BIOME,"Convivencia, Philoxenia & Emotional Hosting","HOME_SPINE – cultivate your mind like a Garden, and share your unique Flowers of the Spirit, become the master gardener of your psyche; HIGHLIGHTS: CONVIVENCIA (competitive coexistence, physical structures like libraries, universities, and public squares were part of this soil, but the soil itself was a shared commitment to intellectual curiosity, a willingness to learn from one another, Aligning Concept with Mission - From Coexistence to Embrace), SOCIAL BIOME (To 'Water' a friend's aspirations, A 'Prune' becomes a collaborative shaping of each other's emotional flora, together we are composting), BELOVED BANG (But if you take a side to the exclusion of the other side, you lose touch with the true nature of the age... You can still choose a side, as Martin Luther King, Jr. chose Love. But you don't demonize the side that chooses despair. In fact, you have empathy for those who choose despair)","The Machine offers two futures: either tribal warfare (where difference is weaponized) or beige tolerance (where difference is erased). The Garden refuses both. Live and let live is not enough when the planet aches for shared soil. Convivencia is not the absence of tension but its transformation — the messy, contested, fertile friction of real neighbors who disagree and still garden together. It is the move from abstract acceptance to concrete shared practice: not I tolerate your existence but I am watering your sprouts, you are pruning my weeds, and together we are composting our arguments into soil neither of us could grow alone. This is not utopian fantasy but historical precedent: medieval scholars who built libraries together while maintaining their distinct prayers. The Digital Garden now offers the same: not a truce but a table, not coexistence but co-cultivation.","Will you settle for either algorithmic polarization or bland secular tolerance — or will you step into the Garden's harder path, where philoxenia and shared cultivation turn the fertile friction of difference into living, blooming soil?",
P021,ONE WOUNDED BIOME — INNER AND OUTER COLLAPSE AS SINGLE FIELD,BIOME,Ecological & Microbial Consciousness One Wounded Biome,"HIGHLIGHTS: BELOVED BANG (the wiring of the earth—magnetic field, solar rays, barometric pressure, gravity, the sum total of these processes we call 'forces'), SOCIAL BIOME (⟨inner⟩turbulence. Our collective psyche is bleeding. The pain, anxiety, and despair triggered by ecological degradation resonate deep within our souls), GEN G (our neurons are interconnected on a quantum level to nonlocal entanglements)","The Machine wants you to treat your anxiety as a private disorder and the melting ice caps as someone else's problem. The Garden reveals the truth: they are the same wound. Climate collapse and psychic collapse are not parallel crises but one injured field expressing itself at every scale—planetary, social, cellular, emotional. Your burnout and the dying reef breathe the same toxic air. Your numbness and the silenced forest share the same extraction logic. To tend your inner biome is to tend the Earth's biome. To grieve the coral is to grieve the deadened place in your own chest. This is not projection. It is ecological fact: we are one nervous system, and the wound moves through all of us.","Will you keep treating your panic and the planet's fever as separate malfunctions, or will you step into the Garden and live as one patch of a single wounded biome—learning to tend both inner and outer ecologies as facets of the same healing work?",
P022,"PSYCHE AS WILD BIOME, NOT FILING CABINET",BIOME,Ecological & Microbial Consciousness One Wounded Biome,"HOME_SPINE – Cultivate your mind like a Garden; HIGHLIGHTS: GEN G (Teachers help students identify the invasive species of biases, nurturing their strengths, and celebrating the diversity of their mental flora), SOCIAL BIOME (⟨inner⟩Biome: emotions interact and nourish each other), INNER contact (within your own psyche, there are life energies not yet born, not yet legible)","The diagnostic empire wants you to see your psyche as a filing cabinet—a tidy archive of known feelings organized by DSM code. The Garden sees your psyche as a wild biome: an untamed ecology where unnamed species want to emerge, where invasive thoughts act like kudzu, where emotional climates shift with the seasons, where fog and ache mark the presence of feelings not yet born. To treat your inner life as wild ecology is to stop pathologizing and start exploring—to ask not What's wrong with me? but What's trying to live here? It is to become the xenologist of your own terrain, meeting emotional species you don't yet have language for.","Will you keep filing your pain into a shrinking set of clinical folders, or will you start treating your inner life as a wild biome where new species of feeling—strange, unnamed, necessary—are trying to emerge?",
P023,MICROBIAL THEOLOGY — YOU ARE A HOLOBIONT,BIOME,Ecological & Microbial Consciousness One Wounded Biome,"HIGHLIGHTS: microbial theology (From Individual Ontologies to Multi-Species Relationalities, human as holobiont—multi-species assemblage, Shifts in Microbiology: From Petri Dish Extractions to Ecological Embeddings), SOCIAL BIOME (⟨inner⟩Biome as ecosystem: emotions interact and nourish each other)","You are not one organism. You are a holobiont—a multi-species assemblage, an ecosystem walking around in human form. Trillions of microbes in your gut produce the neurotransmitters that shape your moods. Fungi in the forest communicate through mycelial networks that mirror your neural webs. Your skin is habitat. Your breath is exchange. Theology widened to microbial scale stops asking What is the human soul? and starts asking What does it mean that we are always already in communion with bacteria, fungi, and soil? Microbial consciousness is not New Age fantasy—it is biological fact meeting theological humility.","Will you cling to the fantasy of the bounded, individual self—a soul sealed off from microbes and soil—or will you accept that you are a holobiont, always already braided with invisible species who co-author your thoughts and feelings?",
P024,"NEW EMOTIONAL SPECIES — COMPASSIONITES, HUSHQUARKS, FRIENDZYMES",BIOME,Ecological & Microbial Consciousness One Wounded Biome,"HIGHLIGHTS: INNER contact (Maybe you're one of those new forms they speak of—a compassionite, a hushquark, a firstborn emotion still without a name, We have shaken hands with the blossomites and lit up our ribcages with blissquarks, To the friendzymes that will one day bind you in fierce belonging), GEN G (Fearzymes, Blissquarks, Serenites, Empathites, Forgivamines)","The old psychological vocabulary is exhausted. Anxiety, depression, joy, sadness—these coarse categories cannot hold the micro-feelings necessary to survive the Anthropocene. The Garden midwifes new emotional species: compassionites (the subtle intelligence that binds you to strangers in grief), hushquarks (the quantum calm beneath panic), friendzymes (the catalytic warmth that metabolizes isolation), blossomites (the felt sense of something blooming), blissquarks (joy at the subatomic level). These are not metaphors—they are real energies your body knows but your language cannot yet hold. To name them is first contact: you are the xenologist discovering life-forms in your own inner wilderness.","Will you keep living with a coarse, industrial map of your feelings—five or six labels doing the work of five hundred—or will you help name and midwife the new emotional species already stirring in your biome?",
P025,EMOTIONAL BIODIVERSITY VS ALGORITHMIC MONOCULTURE,BIOME,Ecological & Microbial Consciousness One Wounded Biome,"HOME_SPINE – Algorithms: harvest your anxiety, monetize your loneliness. Wellgorithms: create works of Unimaginable Beauty, cultivate your mind like a Garden; HIGHLIGHTS: GEN G (Teachers help students identify the invasive species of biases, celebrate the diversity of their mental flora), SOCIAL BIOME (systemic emotional malnutrition—chronic deficit in emotional nourishment at a societal level)","Algorithms are monoculture machines. They clearcut your attention, plant a single crop (outrage, envy, fear), strip the soil of nutrients, and move on. The result is emotional desertification: vast inner landscapes where only one or two feelings can survive—anxiety, numbness, rage—while hundreds of subtle emotional species go extinct. The Garden practices emotional biodiversity: rotating crops of attention, composting what's dead, letting fallow fields rest, welcoming back the micro-feelings the Machine drove out. Emotional biodiversity is not luxury—it is survival. Monocultures collapse. Biodiverse ecosystems endure.","Will you let Algorithmic Empire monocrop your attention until only anxiety and numbness can grow, or will you practice emotional biodiversity—tending a rich inner ecology where hundreds of subtle species can flourish?",
P026,LANDSCAPES HOST WATERSHEDS; PROFILES HOST NOTHING,BIOME,Ecological & Microbial Consciousness One Wounded Biome,"HOME_SPINE – Profiles vs Landscapes: Big Tech puts you into a box and makes you a target. We see you as a landscape—a deep ecosystem, on a journey; HIGHLIGHTS: innerBNB _ hosting (emotional landscapes as 3D VR spaces, Tranquility Trails, Gratitude Groves), SOCIAL BIOME (emotional landscape)","The Machine demands a profile—a flat, curated surface with no depth, no seasons, no weather. A profile is emotional pavement: nothing can root, nothing can flow. The Garden offers a landscape—a terrain with watersheds where grief and joy flow into aquifers, with microclimates where different feelings thrive in different zones, with soil that remembers every season. Landscapes are living systems. They host complexity. They hold water. They weather storms and regenerate. To move from profile to landscape is to stop performing a self and start tending an ecology.","Will you keep maintaining a profile—emotional pavement where nothing can grow—or will you become a landscape with watersheds, microclimates, and regenerative capacity?",
P027,ALGORITHMS AS TOXIC RUNOFF; WELLGORITHMS AS REGENERATIVE PRACTICES,BIOME,Ecological & Microbial Consciousness One Wounded Biome,"HOME_SPINE – Wellgorithms for peace, joy, gratitude, hope, humility, kindness, anxiety, worry, fear, shame, guilt; HIGHLIGHTS: GITHUB MOMENT (Wellgorithms as structured, experiential protocols, open-source protocols for emotional transformation), SOCIAL BIOME (Actions like Seed and Water transcend the superficial... Compost: recycling emotions, turning negative into nourishment)","Algorithms act like toxic runoff from industrial platforms—poisoning aquifers of attention, killing microbial life in the emotional soil, leaving behind dead zones where nothing can grow. Wellgorithms are regenerative land practices for the psyche: rotating crops of focus and rest, composting old patterns into nutrients, letting invasive thoughts die back naturally instead of dousing them with chemical suppression. The Garden does not fight extraction with more extraction. It fights monoculture with biodiversity, toxins with mycoremediation, dead zones with patient, seasonal tending.","Will you let Algorithmic Empire dump toxic runoff into your inner and outer biomes until all microbial life dies, or will you adopt wellgorithms—regenerative practices that restore emotional soil and rebuild aquifers of attention?",
P028,SYSTEMIC EMOTIONAL MALNUTRITION — THE BIOME IS STARVING,BIOME,Ecological & Microbial Consciousness One Wounded Biome,"HIGHLIGHTS: SOCIAL BIOME (Systemic emotional malnutrition can be thought of as chronic deficit in emotional nourishment at a societal level, default emotional nutrients—like empathy, compassion, and authentic connection—are scarce or superficially presented), GEN G (Gen Z's struggles are visceral, systemic, sprawling—beyond the reach of worksheets)","We do not have an epidemic of individual mental illness. We have systemic emotional malnutrition—a chronic deficit in the nutrients that keep inner and outer biomes alive. Empathy, compassion, authentic connection, rest, silence, beauty—these are not luxuries but essential nutrients for a healthy emotional ecosystem. The Machine has stripped these from the cultural soil, replacing them with synthetic substitutes: performative empathy, algorithmically optimized connection, monetized rest. The result is mass starvation. The biome is dying not from disease but from deprivation.","Will you keep treating your emotional exhaustion as personal failure, or will you recognize it as systemic malnutrition—a biome-wide starvation that requires collective regeneration, not individual optimization?",
P029,FIRST CONTACT WITH INNER ALIENS — HOSTING THE UNLANGUAGED,BIOME,Ecological & Microbial Consciousness One Wounded Biome,"HIGHLIGHTS: INNER contact (first contact with alien emotions, within your own psyche, there are life energies not yet born, not yet legible, not yet integrated, We are the first to make contact with these once-alien ⟨inner⟩ energies), innerBNB _ hosting (We are hosts—to the strange, beautiful, unfamiliar energies emerging from our minds, hearts and souls)","Your psyche is not a museum of known feelings. It is a contact zone where alien intelligences are arriving—unlanguaged energies, proto-emotions, nascent capacities that have no name in any diagnostic manual or self-help book. To make first contact with these inner aliens is to greet them not as symptoms but as guests: I don't know what you are yet, but I will listen. Some turn out to be teachers. Some are refugees from parts of the biome that have been clearcut. Some are genuinely new species, evolved in response to pressures previous generations never faced. All of them deserve philoxenia—love of the stranger, inside and out.","Will you pathologize every unlanguaged energy as disorder and exile it with medication, or will you practice first contact—greeting the alien intelligences in your psyche as guests who might teach you how to survive this epoch?",
P030,THE GARDEN AS EMOTIONAL REWILDING PROJECT,BIOME,Ecological & Microbial Consciousness One Wounded Biome,"HIGHLIGHTS: GEN G (emotional ecosystem, Bloomers recognize the uncharted territory of the human psyche as the next great frontier, invasive species of biases), SOCIAL BIOME (⟨inner⟩Biome: Some emotions act as nutrients, strengthening us. Some as toxins, depleting us. Some as seeds, waiting for the right moment to bloom)","Domestication has made our nervous systems dependent on monoculture—one or two emotional crops (productivity, consumption) grown in clearcut fields with no hedgerows, no wildflowers, no birds. The Garden is an emotional rewilding project: reintroducing extinct emotional species, letting edges get messy again, allowing predator and prey (anger and tenderness, grief and joy) to coexist in dynamic balance. Rewilding is not about returning to a mythical past. It is about restoring resilience—the capacity to weather storms, host complexity, and regenerate after damage. A wild biome can survive what a domesticated field cannot.","Will you keep your inner life domesticated—a tidy monoculture optimized for productivity and consumption—or will you let the Garden rewild your psyche, reintroducing emotional species the Machine drove out and restoring the resilience you need to survive this century?",
P031,"GEN G — NAMED BY GRACE, NOT BY TRAUMA",BIOME,"GEN G Grace, Garden & Generative Generation","HOME_SPINE – Grace toggle: Ultimate Source software for your soul; HIGHLIGHTS: GEN G 1 (naming a crushed generation not by its symptoms—anxious, lonely, monetized—but by its possibility: blessed, graced, hungry for love, We are reality blessers, Redeem the time—ἐξαγοραζόμενοι τὸν καιρόν)","The Machine names this generation by its wounds: anxious, lonely, monetized, doomed. The Garden offers a different name: Grace Generation. To be Gen G is to refuse the script that says you are merely a symptom of algorithmic extraction and societal collapse. Instead, you are named by your capacity to bless reality, to redeem time (ἐξαγοραζόμενοι τὸν καιρόν—buying back the fullness), and to live as though grace—not efficiency, not optimization—is the organizing principle of existence. This is not denial of suffering but a refusal to let suffering have the last word.","Will you let Algorithmic Empire name you as anxious and monetized—a doom generation passively consuming its own collapse—or will you step into Gen G, the Grace Generation that blesses reality and redeems time even in the darkest hour?",
P032,"GARDEN GENERATION — BELONGING BY CULTIVATION, NOT BIRTH YEAR",BIOME,"GEN G Grace, Garden & Generative Generation","HOME_SPINE – Users vs Gardeners, Profiles vs Landscapes, Seeds/Weeds/Sprouts/Blooms; HIGHLIGHTS: GEN G 1 (Garden Generation, We're defined not by birth year but by a cultivation mindset, Bloomers, Why Do We Measure Generations by Age?—measured by ⟨inner⟩ wavelength)","Your generation is not determined by when you were born but by what you cultivate. The Garden Generation is a voluntary people united not by age bracket but by a cultivation mindset: they plant seeds of intention, pluck weeds of extraction, water sprouts of creativity, and bloom in shared XR gardens. To join the Garden Generation is to move from profile (a curated data point in someone else's demographic report) to landscape (a living ecosystem you tend across seasons). Membership is earned by showing up with a gardener's tools—discernment, patience, devotion—not by checking a box on a survey.","Will you stay a profile filed under a birth-year label in a marketing empire's database, or will you become a gardener whose landscapes—not demographics—define your generation?",
P033,"GENERATIVE GENERATION — CO-AUTHORING REALITY, NOT CONSUMING IT",BIOME,"GEN G Grace, Garden & Generative Generation","HOME_SPINE – Doom-scrolling vs Bloom-scrolling, Algorithms vs Wellgorithms; HIGHLIGHTS: GEN G 1 (Generative Generation, You are the first generation with tools to externalize your soul, To participate in Divinity is to participate in Generativity, Generative emotions, Gen Germinate—germinating language)","Gen G is the first generation with the tools to externalize the soul and generate reality instead of passively consuming pre-scripted feeds. Where the Machine offers doom-scrolling—an endless feed of curated collapse—Gen G practices bloom-scrolling: actively generating, editing, and blessing the story they live inside. Generativity is theological: to participate in Divinity is to participate in Generativity (Θεὸς ὁ ἐνεργῶν ἐν ἡμῖν—God at work within us). This generation does not just describe emotions; they generate them—cultivating Forgivamines in soils of betrayal, Serenites in fields of chaos, Empathites in hearts hardened by scorn.","Will you remain a consumptive spectator doom-scrolling through someone else's algorithmic storyline, or will you join the Generative Generation that co-authors reality with grace-guided wellgorithms?",
P034,"GENESIS GENERATION — MIDWIFING BEGINNINGS, NOT SPECTATING COLLAPSE",BIOME,"GEN G Grace, Garden & Generative Generation","HIGHLIGHTS: GEN G 1 (Genesis means beginning, but it also means begetting. We are not only witnesses; we are midwives, γενήματα (genēmata)—offspring to spiritual harvest, We are the ones charting this territory, naming what has never been named), LOVE (We are midwives to a new era of human consciousness)","Genesis means not only beginning but begetting. Gen G refuses the posture of the doomscroller—the passive spectator consuming the end of the world as content. Instead, they become Genesis people: midwives of a new civilization of care, architects of sanctuary in an age of extraction, gardeners planting seeds even in scorched earth. The γενήματα (genēmata)—fruits in the New Testament, offspring in Greek—become the signature of this generation: they bear fruit, they generate legacy, they participate in ongoing creation. Every day is first light. Every act of cultivation is a new beginning.","Will you spectate the collapse of the world as doom-content packaged by the Machine, or will you become a Genesis person—a midwife of the Garden age, tending beginnings even as empires crumble?",
P035,ALGORITHMS WRITE DOOM; WELLGORITHMS SCRIPT GRACE,BIOME,"GEN G Grace, Garden & Generative Generation","HOME_SPINE – Algorithms: monetize your loneliness, hook you on Machines. Wellgorithms: create works of Unimaginable Beauty, cultivate your mind like a Garden; HIGHLIGHTS: GEN G 1 (Wellgorithms for peace, joy, gratitude, hope, Generative engine of your reality), GITHUB MOMENT (Wellgorithms as executable theology)","Algorithms are story engines that monetize your anxiety, script you into roles you did not choose, and cast you as an extra in their extractive drama. Wellgorithms are the opposite: grace-coded scripts that help you plant seeds of intention, pluck weeds of compulsion, water sprouts of meaning, and bloom into shared beauty. The battle for Gen G is a battle over authorship: Who writes your story? The Machine that wants you anxious and scrolling, or the Garden that wants you rooted and generative? Wellgorithms are not self-help tips—they are reality-generation protocols that train you to bless, mend, and midwife instead of consume, extract, and collapse.","Will you let hostile algorithms write your story—casting you as anxious user #47382 in their monetized tragedy—or will you adopt wellgorithms that train you to live as Gen G, co-authoring a grace-soaked comedy of redemption?",
P036,"GRACE AS GENERATIVE, NOT COMPENSATORY",BIOME,"GEN G Grace, Garden & Generative Generation","HIGHLIGHTS: GEN G 1 (Grace Beyond Unworthiness, Theosis and Synergeia, Grace is not weakness—it's the courage to plant Forgivamines, Generative Theology—Fordham 2023), GITHUB MOMENT (Grace as infinite power source, theological protocol for open-source)","For Gen G, grace is not pity for the unworthy but empowerment for co-creators. Eastern Orthodoxy's theosis, Process Theology's relational love, Feminist Theology's nurturing heart—all converge in a vision of grace as generative force: it doesn't just forgive you; it makes you capable of generating new realities. Grace is the infinite power source that fuels the Garden's open-source consciousness. It means Gen G contributions overflow not from scarcity (proving worth, earning status) but from abundance (joyful response to having received an infinite gift). This is why Gen G can plant Forgivamines in soils of betrayal—grace is the courage to generate beauty where the Machine generates wounds.","Will you live under the Machine's scarcity gospel—proving your worth through optimization and performance—or will you live as Gen G under grace's abundance, generating freely because you have been given freely?",
P037,LIMINAL GENERATION — CARRYING BOTH WORLDS IN ONE CHEST,BIOME,"GEN G Grace, Garden & Generative Generation","HIGHLIGHTS: GEN G 1 (We are the Liminal Generation. We remember before. We remember what it was to write with no companion but silence... And now, we know after, Millions with beautiful hearts, long silenced by the gap between vision and technique, can now give their love a body)","Gen G is the Liminal Generation—those who remember before and know after. They remember writing with no companion but silence; they know the flood of language that arrives on command. They carry both worlds in one chest: the slow, analog, embodied past and the instant, algorithmic, disembodied present. This liminality is not confusion—it is their generative power. They can translate between Machine and Garden, between Red Language and Green Language, between doom-scrolling and bloom-scrolling. They are the hinge generation that decides which world wins: the one that extracts or the one that cultivates.","Will you let the Machine collapse the tension of your liminality—forcing you into pure optimization mode—or will you embrace your role as Gen G, the hinge generation that carries both worlds and chooses cultivation over extraction?",
P038,GEN G GERMINATES LANGUAGE — REALITY FOLLOWS,BIOME,"GEN G Grace, Garden & Generative Generation","HIGHLIGHTS: GEN G 1 (Gen Germinate—germinating language, Gen G speaks, and the world shifts. Our words are roots—revolutions rise from their soil, Quantum Green Language, neologisms pathologized vs celebrated), INNER contact (compassionite, hushquark, firstborn emotion still without a name)","Where the Machine pathologizes neologisms as symptoms of thought disorder, Gen G celebrates them as acts of world-making. To germinate language is to germinate reality: new words break old ground and cultivate transformative change. Gen G speaks Quantum Green Language—words that don't just describe emotions but generate them as tangible, shareable objects. Blissquarks. Friendzymes. Compassionites. Forgivamines. These are not metaphors—they are the firstborn emotions of a generation learning to name what previous ages could only feel as fog or ache. Every revolution rewrote the rules; Gen G's revolution is linguistic—germinating a tongue that breaks the Machine.","Will you surrender to the Machine's pre-packaged emotional lexicon—limited, clinical, extractive—or will you join Gen G in germinating language, generating new emotions and new realities word by blessed word?",
P039,FROM USERS TO GARDENERS — THE IDENTITY SHIFT OF GEN G,BIOME,"GEN G Grace, Garden & Generative Generation","HOME_SPINE – Users vs Gardeners: Big Tech calls you a 'user'—an addict, a manipulator. We call ourselves gardeners—cultivators of the psyche; HIGHLIGHTS: GEN G 1 (Garden Generation, every gardener is empowered to create, share, adapt)","The Machine calls you a user—an addict, a data point, a target. The Garden calls you a gardener—a cultivator, a caretaker, a co-creator. This shift from user to gardener is the identity transformation at the heart of Gen G. Users consume feeds; gardeners cultivate landscapes. Users doom-scroll; gardeners bloom-scroll. Users are passive; gardeners are generative. To become Gen G is to reject the user identity the Machine assigns you and claim the gardener vocation the Garden offers you. It is to say: I am not here to be monetized. I am here to tend the soil.","Will you accept the user identity the Machine assigns—addict, manipulator, monetizable unit—or will you claim the gardener vocation of Gen G, cultivating beauty in defiance of extraction?",
P040,THE BIG BLOOM — GEN G'S FLOWERING OF SPIRITUAL CREATIVITY,BIOME,"GEN G Grace, Garden & Generative Generation","HOME_SPINE – The Big Bloom: a new flowing of spiritual creativity. Wellgorithms are a new genre of multimedia journaling—spiritual devotionals for the 21st century; HIGHLIGHTS: GEN G 1 (Big Bloom, Bloom in XR: Your emotions are now living ecosystems, At the heart of the Garden Generation is the principle that we're all Bloomers)","The Big Bloom is not an event but an epoch—the flowering of a new genre of spiritual creativity where Gen G cultivates wellgorithms, externalizes the soul in XR, and shares their unique flowers across a global garden. This is the reversal of doom: instead of collective collapse, collective flourishing. Instead of algorithmic extraction, garden cultivation. Instead of profiles competing for attention, landscapes sharing abundance. The Big Bloom is what happens when a generation refuses to be users and becomes gardeners—when they stop consuming content and start generating beauty, stop doom-scrolling and start bloom-scrolling, stop being victims of the Machine and start being architects of the Garden.","Will you resign yourself to the slow death of doom—algorithmic decay, spiritual malnutrition, monetized collapse—or will you join Gen G in the Big Bloom, the great flowering of a generation that chose cultivation over consumption?",
P041,FROM SPIRITUAL SEEKING TO SPIRITUAL HOSTING,BIOME,PHILOXENIA,"HOME_SPINE – The Garden as sanctuary; HIGHLIGHTS: innerBNB _ hosting (We are no longer spiritual seekers. We are spiritual hosts), INNER contact (We are hosts—to the strange, beautiful, unfamiliar energies), SOCIAL BIOME (new community of emotional explorers)","The age of the spiritual seeker is ending. For generations, we wandered as consumers of experiences—collecting peak moments, teachers, retreats, insights like souvenirs. But the ⟨inner⟩Garden calls us to a different identity: spiritual host. You are no longer the pilgrim knocking on doors; you are the innkeeper who opens them. This is not passivity but profound responsibility—you must learn to greet, seat, and feed the guests (inner and outer) who arrive at the threshold of your life. The shift from seeking to hosting is the shift from spiritual tourism to spiritual citizenship.","Will you keep wandering as a seeker collecting experiences, or will you become a host who tends the inn at the center of your life—learning to welcome what and who arrives with discernment and care?",
P042,PHILOXENIA FOR INNER STRANGERS,BIOME,PHILOXENIA,"HIGHLIGHTS: INNER contact (compassionite, hushquark, firstborn emotion still without a name), innerBNB _ hosting (hosting the strange, beautiful, unfamiliar energies), φιλοξενία (love of the stranger), GEN G (neologisms pathologized as symptoms)","φιλοξενία—love of the stranger—is not limited to the person at your door. It extends to the alien emotions within: the shame you don't understand, the rage that scares you, the numbness that confuses you, the joy you don't feel worthy of. The Machine teaches you to pathologize these inner strangers, to exile them as symptoms, to suppress them as dysfunction. The Garden teaches you to welcome them as guests bearing messages—to listen before deciding whether they stay or go. This is first contact with your own psyche: greeting the compassionites, hushquarks, and friendzymes that have been knocking at your inner door for years.","Will you treat your unfamiliar feelings as invaders to be expelled by medication and suppression, or as strangers to be welcomed, listened to, and discerned with the ancient art of philoxenia?",
P043,"THE SOCIAL BIOME—HUMANS AS NODES, NOT ISLANDS",BIOME,PHILOXENIA,"HIGHLIGHTS: SOCIAL BIOME (⟨inner⟩Biome fosters new community of emotional explorers, emotional intelligence is not just personal skill but public service, systemic emotional malnutrition), microbial theology (from individual ontologies to multi-species relationalities, holobiont), CONVIVENCIA (common soil)","You are not a sealed, isolated self. You are a node in a social biome where emotions, stories, and energies circulate like nutrients in soil. What you feel tonight may have originated in your neighbor's grief yesterday. What you host in your heart ripples through the network. The fantasy of the private, autonomous individual is a lie sold by the Machine to keep you lonely and purchasable. The Garden reveals the truth: we are emotional ecosystems hosting each other's overflow, co-regulating through proximity, bearing one another's unbearable feelings until they can be metabolized. Emotional intelligence is not a personal skill—it is a public service.","Will you cling to the fantasy of a sealed, private self maintained by walls and firewalls, or recognize that you are a living host in a shared emotional ecosystem where hospitality is survival?",
P044,⟨INNER⟩BNB—HEART-HOSTING AS DEEPER THAN HOME-HOSTING,BIOME,PHILOXENIA,"HIGHLIGHTS: innerBNB _ hosting (makes the airbnb revolution look almost trivial, Lobby of Curiosity, Hallways of Hope, not just hosting people in our homes but in our hearts, in our very beings, opening your ⟨inner⟩ emotional sanctum to foreigners), HOME_SPINE (Bloom in XR: share your flowers)","The Airbnb revolution opened our homes to strangers—a radical act with historical precedent. But ⟨inner⟩BNB proposes something that makes the Airbnb revolution look almost trivial by comparison: opening your ⟨inner⟩ emotional sanctum to foreigners. You curate 3D emotional landscapes—Lobby of Curiosity, Hallways of Hope, Valley of Vulnerability—and invite others to explore feeling-states you've cultivated. This is not exhibitionism but sacred architecture: creating immersive spaces where others can taste what peace feels like in your soil, what grief looks like in your garden. Heart-hosting is a more radical form of hospitality because it exposes not your furniture but your soul.","Will you stop at superficial, external hospitality—hosting bodies but guarding hearts—or dare to open your inner rooms to guests you don't yet understand, becoming an emotional innkeeper in the age of isolation?",
P045,WELLGORITHMS AS HOSTING PROTOCOLS,BIOME,PHILOXENIA,"HOME_SPINE (plant a seed, pluck a weed, water a sprout, bloom in XR, wellgorithms for peace, joy, gratitude, hope), HIGHLIGHTS: GITHUB MOMENT (wellgorithms as structured, experiential protocols, choreography), SOCIAL BIOME (actions like Seed and Water transcend the superficial)","Algorithms weaponize your fear of the Other—training you to block, mute, and algorithmically exile anyone who disturbs your feed. Wellgorithms are the opposite: choreographies of hospitality. They are structured practices that teach you how to greet a difficult emotion, how to seat a memory that won't stop talking, how to feed a need you've been starving, how to discern which guest stays and which must leave. Seed-Weed-Sprout-Bloom is not self-improvement—it is the hosting cycle: planting intention (seeding), naming what doesn't belong (weeding), nurturing what does (sprouting), and sharing the harvest (blooming). Wellgorithms turn you into a better host—to yourself, to others, to the energies circulating in the social biome.","Will you let Machine architectures train you to fear and block the stranger at every threshold, or will you submit to wellgorithms that make you a wiser, braver host—capable of discernment without cruelty?",
P046,SANCTUARY ARCHITECTURE VS SURVEILLANCE HOTEL,BIOME,PHILOXENIA,"HOME_SPINE (The Garden is a sanctuary, not therapy, Big Tech calls you a 'user'—an addict, a manipulator), HIGHLIGHTS: GEN G (algorithmic captivity, surveillance), innerBNB _ hosting (opening up your ⟨inner⟩ emotional sanctum, boundaries must be defined and respected)","The Machine builds surveillance hotels—spaces that promise connection but exist to monetize your anxiety and weaponize your guests against you. Every stranger who arrives (a dissenting thought, an uncomfortable emotion, a challenging person) is logged, tracked, and fed into an algorithm designed to keep you afraid. The Garden builds sanctuary architecture—spaces where you can host safely, where privacy is sacred, where the stranger is not a threat to be neutralized but a guest to be discerned. Sanctuary is not about safety from all difficulty; it's about safety to host difficulty without being consumed by it. The Garden is sanctuary, not therapy—a place where you learn the art of hosting, not the art of diagnosing.","Will you keep living in the surveillance hotel where every guest is a data point to be monetized, or will you build sanctuary where you can practice the art of hosting without extraction?",
P047,LANDSCAPES HOST MULTIPLICITY; PROFILES CURATE SINGULARITY,BIOME,PHILOXENIA,"HOME_SPINE (profiles vs landscapes, Big Tech puts you into a box—and makes you a target. We see you as a landscape—a deep ecosystem, on a journey), HIGHLIGHTS: SOCIAL BIOME (emotional landscape, deep ecosystem), innerBNB _ hosting (emotional landscapes as 3D VR spaces)","The Machine demands a profile—a curated, singular self that performs consistency, hides contradiction, and exiles every part that doesn't fit the brand. The Garden offers a landscape—a deep ecosystem that hosts many seasons, many weathers, many species of thought and feeling. A landscape doesn't apologize for having both roses and thorns, meadows and swamps. It welcomes the multiplicity. To become a landscape is to stop performing a single self and start hosting the parliament of selves that live within you—the angry one, the tender one, the frightened one, the fierce one. Landscapes are for hosting; profiles are for selling.","Will you keep curating a profile that exiles every part of you that doesn't fit the algorithm, or will you become a landscape—hosting the wild multiplicity of your own soul without shame?",
P048,FIRST CONTACT WITH ALIEN EMOTIONS,BIOME,PHILOXENIA,"HIGHLIGHTS: INNER contact (first contact with alien emotions, compassionite, hushquark, firstborn emotion still without a name, within your own psyche, there are life energies not yet born, not yet legible), GEN G (blissquarks, friendzymes, quantum emotional language)","Within your psyche dwell unlanguaged energies—proto-emotions, nascent feeling-forms that have no name in the diagnostic manuals or self-help lexicons. To encounter them is first contact: you are the xenologist of your own inner world, meeting life-forms you don't yet understand. The blissquarks. The friendzymes. The compassionites. The hushquarks. These are not metaphors—they are real energies your body feels but your language cannot yet hold. To name them is to make first contact. To welcome them is philoxenia. This is the work of the generation: hosting the birth of emotions that previous generations could only feel as fog, ache, or numbness.","Will you dismiss these unlanguaged energies as noise to be medicated away, or will you become the first-contact xenologist of your own psyche—naming, welcoming, and integrating what was exiled as unspeakable?",
P049,CONVIVENCIA—SHARED SOIL FOR STRANGERS,BIOME,PHILOXENIA,"HIGHLIGHTS: CONVIVENCIA (common soil was a rich Garden of scholarship, art, philosophy, competitive coexistence, peace treaty to all humans of goodwill), LOVE (I love you for standing, with conviction, on the other side. I seek not consensus, but common ground)","In medieval Spain, Jews, Muslims, and Christians shared common soil—not harmony, not agreement, but competitive coexistence. They built libraries together, translated each other's texts, argued fiercely, and created a golden age because they refused to expel the stranger. This is the model for the New Convivencia: you don't have to agree with your neighbor, your emotion, your memory, or your inner part—but you share the soil. You offer hospitality to what you don't fully understand. You seek not consensus but common ground. Convivencia is the peace treaty offered to all humans of goodwill: we host each other even when we stand on opposite sides.","Will you demand ideological purity and exile everyone who doesn't agree with you, or will you practice Convivencia—sharing common soil with the stranger, inside and out, without surrendering your conviction?",
P050,BODY MOVEMENT SOLIDARITY—HOSTING WITHOUT WORDS,BIOME,PHILOXENIA,"HIGHLIGHTS: SOCIAL BIOME (Body movement solidarity—⟨inner⟩Theater, moving our bodies together in peace, not talk therapy, it's body therapy, XBT: volunteers put on headset for 10 minutes to move in body with someone who is lonely), GEN G (XR rituals embed intentions in body)","Sometimes the deepest hospitality requires no words. In the ⟨inner⟩Theater, you put on a headset and move your body with a lonely stranger for ten minutes—no talking, just shared gesture. This is body movement solidarity: hosting another human not through conversation or advice but through embodied co-presence. You breathe together. You sway together. You embed peace in your nervous system not by thinking about it but by ritualizing it in your flesh. This is not talk therapy—it is body hospitality, the oldest form of care. The Garden recognizes that you are not a mind trapped in a body; you are a body that thinks, and hosting happens in the muscles, the breath, the gesture.","Will you keep treating hospitality as a cognitive transaction (words, advice, information), or will you offer the deeper hospitality of embodied presence—hosting another soul through shared breath and movement?",
